Family,Age,Fare,Female,Male,Pclass_1,Pclass_2,Pclass_3,Embarked_C,Embarked_Q,Embarked_S
0.12377955492465069,-0.8388828131776367,0.48356834454837716,0.0,1.0,1.0,0.0,0.0,0.0,0.0,1.0
-0.5457063856243295,-0.22769909727666707,-0.5025194836679988,0.0,1.0,0.0,0.0,1.0,0.0,0.0,1.0
-0.5457063856243295,-0.07490316830142467,-0.5062580808058313,1.0,0.0,0.0,0.0,1.0,0.0,1.0,0.0
-0.5457063856243295,-0.6860868842023943,-0.6787238569674844,0.0,1.0,1.0,0.0,0.0,0.0,0.0,1.0
0.12377955492465069,-0.15130113278904586,-0.3317872958747084,0.0,1.0,0.0,0.0,1.0,0.0,0.0,1.0
-0.5457063856243295,0.15429072516143894,-0.5052555764210964,0.0,1.0,0.0,0.0,1.0,0.0,0.0,1.0
-0.5457063856243295,0.38348461862430255,-0.21906027444708717,1.0,0.0,0.0,1.0,0.0,0.0,0.0,1.0
-0.5457063856243295,1.682250014913863,-0.3832258396329433,0.0,1.0,0.0,1.0,0.0,0.0,0.0,1.0
-0.5457063856243295,3.133811340178666,0.4048608059756702,0.0,1.0,1.0,0.0,0.0,1.0,0.0,0.0
-0.5457063856243295,-0.9916787421528791,-0.4891126291778205,0.0,1.0,0.0,0.0,1.0,0.0,0.0,1.0
0.12377955492465069,1.3766581569633782,0.18807032721383612,1.0,0.0,1.0,0.0,0.0,1.0,0.0,0.0
0.12377955492465069,-0.6860868842023943,-0.46366696657401285,1.0,0.0,0.0,0.0,1.0,0.0,0.0,1.0
-0.5457063856243295,-0.30409706176428825,-0.5068052993564509,1.0,0.0,0.0,0.0,1.0,0.0,0.0,1.0
-0.5457063856243295,-0.8388828131776367,-0.50589472768822,0.0,1.0,0.0,0.0,1.0,0.0,0.0,1.0
-0.5457063856243295,-0.6860868842023943,-0.4941295288499003,0.0,1.0,0.0,0.0,1.0,0.0,0.0,1.0
-0.5457063856243295,-0.6860868842023943,-0.5079916691741939,0.0,1.0,0.0,0.0,1.0,0.0,0.0,1.0
0.12377955492465069,0.15429072516143894,1.271654990156991,1.0,0.0,1.0,0.0,0.0,1.0,0.0,0.0
0.12377955492465069,-1.1444746711281215,3.9471881606946324,1.0,0.0,1.0,0.0,0.0,0.0,0.0,1.0
-0.5457063856243295,3.3630052336415295,-0.5085388877248135,0.0,1.0,0.0,0.0,1.0,0.0,0.0,1.0
-0.5457063856243295,0.45988258311192376,-0.40839789296144124,1.0,0.0,0.0,1.0,0.0,0.0,1.0,0.0
-0.5457063856243295,-0.6096889197147731,-0.5025194836679988,0.0,1.0,0.0,0.0,1.0,0.0,0.0,1.0
0.12377955492465069,-0.6096889197147731,0.5251569543954607,1.0,0.0,1.0,0.0,0.0,0.0,0.0,1.0
0.12377955492465069,1.0710662990128934,0.5903678946356877,1.0,0.0,1.0,0.0,0.0,1.0,0.0,0.0
-0.5457063856243295,-0.6860868842023943,-0.07195041704694022,0.0,1.0,1.0,0.0,0.0,1.0,0.0,0.0
-0.5457063856243295,-0.6096889197147731,-0.50589472768822,0.0,1.0,0.0,0.0,1.0,0.0,0.0,1.0
0.7932654954736308,0.30708665413668135,-0.34501247380608097,0.0,1.0,0.0,0.0,1.0,1.0,0.0,0.0
1.462751436022611,-2.2201580111138277,2.6385149968880492,0.0,1.0,1.0,0.0,0.0,0.0,0.0,1.0
0.7932654954736308,0.30708665413668135,0.03266025883789226,1.0,0.0,0.0,1.0,0.0,0.0,0.0,1.0
-0.5457063856243295,-1.0680767066405004,-0.5025194836679988,0.0,1.0,0.0,0.0,1.0,0.0,0.0,1.0
2.801723317120571,-1.2208726356157427,0.1899855921410044,0.0,1.0,0.0,0.0,1.0,0.0,0.0,1.0
2.132237376571591,-1.0680767066405004,0.0737016501343563,0.0,1.0,0.0,0.0,1.0,0.0,0.0,1.0
0.12377955492465069,-0.30409706176428825,-0.5068052993564509,0.0,1.0,0.0,0.0,1.0,0.0,0.0,1.0
-0.5457063856243295,0.918270370037651,-0.3941702106453337,0.0,1.0,0.0,1.0,0.0,0.0,0.0,1.0
0.7932654954736308,1.1474642635005146,-0.10414437881698786,1.0,0.0,0.0,1.0,0.0,0.0,0.0,1.0
-0.5457063856243295,0.6126785120871662,-0.4891126291778205,0.0,1.0,0.0,0.0,1.0,0.0,0.0,1.0
2.801723317120571,0.8418724055500297,0.1899855921410044,1.0,0.0,0.0,0.0,1.0,0.0,0.0,1.0
-0.5457063856243295,-0.6096889197147731,2.2901184567022197,0.0,1.0,1.0,0.0,0.0,1.0,0.0,0.0
-0.5457063856243295,-0.8388828131776367,-0.3941702106453337,0.0,1.0,0.0,1.0,0.0,0.0,0.0,1.0
-0.5457063856243295,-0.9916787421528791,-0.36224985815059585,1.0,0.0,0.0,0.0,1.0,1.0,0.0,0.0
-0.5457063856243295,0.38348461862430255,10.535517833594854,1.0,0.0,1.0,0.0,0.0,1.0,0.0,0.0
-0.5457063856243295,0.03969377843000714,-0.509086106275433,1.0,0.0,0.0,0.0,1.0,0.0,1.0,0.0
-0.5457063856243295,-0.6860868842023943,4.175743838294786,0.0,1.0,1.0,0.0,0.0,0.0,0.0,1.0
2.801723317120571,-2.2140461739548183,0.1899855921410044,0.0,1.0,0.0,0.0,1.0,0.0,0.0,1.0
3.4712092576695515,0.6890764765747873,0.005846549857535728,1.0,0.0,0.0,0.0,1.0,0.0,0.0,1.0
-0.5457063856243295,0.38348461862430255,-0.4488920657072858,0.0,1.0,0.0,1.0,0.0,0.0,0.0,1.0
-0.5457063856243295,-0.9152807776652578,-0.5309748483002138,1.0,0.0,0.0,0.0,1.0,0.0,1.0,0.0
3.4712092576695515,-1.9084543160043335,0.008309033335323585,1.0,0.0,0.0,0.0,1.0,0.0,0.0,1.0
-0.5457063856243295,-1.0680767066405004,-0.5094516482672469,1.0,0.0,0.0,0.0,1.0,0.0,1.0,0.0
0.12377955492465069,1.8350459438891054,0.6214674193044962,1.0,0.0,1.0,0.0,0.0,1.0,0.0,0.0
-0.5457063856243295,2.2934337308148325,-0.0975777562095536,0.0,1.0,1.0,0.0,0.0,0.0,0.0,1.0
-0.5457063856243295,-0.6096889197147731,-0.5062580808058313,1.0,0.0,0.0,0.0,1.0,0.0,1.0,0.0
-0.5457063856243295,0.30708665413668135,-0.349298289494533,0.0,1.0,0.0,1.0,0.0,1.0,0.0,0.0
-0.5457063856243295,1.6058520504262417,-0.509086106275433,0.0,1.0,0.0,0.0,1.0,0.0,0.0,1.0
0.12377955492465069,-0.45689299073953066,4.7391950799998845,0.0,1.0,1.0,0.0,0.0,1.0,0.0,0.0
-0.5457063856243295,0.45988258311192376,-0.5205776958384429,0.0,1.0,0.0,0.0,1.0,1.0,0.0,0.0
-0.5457063856243295,-0.5332909552271519,-0.50589472768822,0.0,1.0,0.0,0.0,1.0,0.0,0.0,1.0
-0.5457063856243295,-0.7624848486900154,-0.5025194836679988,0.0,1.0,0.0,0.0,1.0,0.0,0.0,1.0
0.12377955492465069,0.07789276067381774,0.45949072832111826,1.0,0.0,1.0,0.0,0.0,0.0,0.0,1.0
0.7932654954736308,0.07789276067381774,2.930000807809448,1.0,0.0,1.0,0.0,0.0,0.0,0.0,1.0
0.12377955492465069,2.522627624277696,1.027685260422986,1.0,0.0,1.0,0.0,0.0,0.0,0.0,1.0
-0.5457063856243295,-0.45689299073953066,-0.50589472768822,0.0,1.0,0.0,0.0,1.0,0.0,0.0,1.0
6.149153019865472,0.30708665413668135,0.8436381508560216,0.0,1.0,0.0,0.0,1.0,0.0,0.0,1.0
-0.5457063856243295,0.38348461862430255,2.2901184567022197,1.0,0.0,1.0,0.0,0.0,0.0,0.0,1.0
-0.5457063856243295,-1.2972706001033638,-0.520485763121939,1.0,0.0,0.0,0.0,1.0,1.0,0.0,0.0
-0.5457063856243295,3.133811340178666,0.07981298690767517,0.0,1.0,1.0,0.0,0.0,1.0,0.0,0.0
-0.5457063856243295,-0.45689299073953066,-0.4707808077320666,0.0,1.0,0.0,0.0,1.0,0.0,0.0,1.0
-0.5457063856243295,-1.0680767066405004,-0.10961656432318306,0.0,1.0,0.0,1.0,0.0,0.0,0.0,1.0
0.7932654954736308,-1.6792604225414698,0.12568741244321074,0.0,1.0,0.0,1.0,0.0,0.0,0.0,1.0
0.12377955492465069,-0.9916787421528791,-0.5243162929762755,0.0,1.0,0.0,0.0,1.0,0.0,0.0,1.0
0.7932654954736308,1.1474642635005146,2.930000807809448,1.0,0.0,1.0,0.0,0.0,0.0,0.0,1.0
0.12377955492465069,-0.7624848486900154,-0.46366696657401285,1.0,0.0,0.0,0.0,1.0,0.0,0.0,1.0
-0.5457063856243295,0.9946683345252721,-0.5375414709076481,0.0,1.0,0.0,0.0,1.0,0.0,0.0,1.0
0.12377955492465069,0.07789276067381774,-0.33944835558338166,1.0,0.0,0.0,0.0,1.0,0.0,1.0,0.0
-0.5457063856243295,-0.8388828131776367,-0.4488920657072858,0.0,1.0,0.0,1.0,0.0,0.0,0.0,1.0
-0.5457063856243295,0.45988258311192376,0.199561916776846,0.0,1.0,1.0,0.0,0.0,1.0,0.0,0.0
0.12377955492465069,0.07789276067381774,-0.2847265005214296,1.0,0.0,0.0,0.0,1.0,0.0,0.0,1.0
-0.5457063856243295,2.064239837351969,-0.40839789296144124,0.0,1.0,0.0,1.0,0.0,0.0,1.0,0.0
0.12377955492465069,0.45988258311192376,2.528432135497021,1.0,0.0,1.0,0.0,0.0,1.0,0.0,0.0
-0.5457063856243295,-0.8388828131776367,-0.3613370976081625,0.0,1.0,0.0,0.0,1.0,0.0,0.0,1.0
1.462751436022611,-2.2140461739548183,0.1749370819989676,0.0,1.0,0.0,1.0,0.0,0.0,0.0,1.0
0.12377955492465069,1.5294540859386205,0.5448568222177634,0.0,1.0,1.0,0.0,0.0,0.0,0.0,1.0
2.132237376571591,1.8350459438891054,-0.17528279039752553,1.0,0.0,0.0,1.0,0.0,0.0,0.0,1.0
-0.5457063856243295,0.45988258311192376,-0.3941702106453337,1.0,0.0,0.0,1.0,0.0,0.0,0.0,1.0
0.12377955492465069,1.3766581569633782,0.45949072832111826,0.0,1.0,1.0,0.0,0.0,0.0,0.0,1.0
-0.5457063856243295,-0.6096889197147731,-0.5205776958384429,0.0,1.0,0.0,0.0,1.0,1.0,0.0,0.0
-0.5457063856243295,0.15429072516143894,-0.49567925178525474,0.0,1.0,0.0,0.0,1.0,0.0,0.0,1.0
-0.5457063856243295,1.3002601924757569,-0.3503927265957721,0.0,1.0,0.0,1.0,0.0,0.0,0.0,1.0
0.12377955492465069,-0.8388828131776367,-0.10961656432318306,1.0,0.0,0.0,1.0,0.0,0.0,0.0,1.0
1.462751436022611,0.07789276067381774,-0.16543285648637418,0.0,1.0,0.0,0.0,1.0,0.0,0.0,1.0
-0.5457063856243295,-0.6096889197147731,-0.5134638546803891,1.0,0.0,0.0,0.0,1.0,0.0,0.0,1.0
-0.5457063856243295,-0.30409706176428825,-0.50589472768822,0.0,1.0,0.0,0.0,1.0,0.0,0.0,1.0
-0.5457063856243295,-0.30409706176428825,-0.509086106275433,1.0,0.0,0.0,0.0,1.0,0.0,1.0,0.0
-0.5457063856243295,-0.6096889197147731,-0.1501107370690276,0.0,1.0,0.0,0.0,1.0,0.0,1.0,0.0
2.801723317120571,-1.7556583870290912,0.1899855921410044,0.0,1.0,0.0,0.0,1.0,0.0,0.0,1.0
1.462751436022611,-0.30409706176428825,-0.22836298980761902,0.0,1.0,0.0,0.0,1.0,0.0,0.0,1.0
-0.5457063856243295,2.2170357663272116,-0.3832258396329433,0.0,1.0,0.0,1.0,0.0,0.0,0.0,1.0
0.12377955492465069,-1.8320563515167123,0.04360462985028267,1.0,0.0,0.0,1.0,0.0,0.0,0.0,1.0
-0.5457063856243295,-0.30409706176428825,-0.5052555764210964,1.0,0.0,0.0,0.0,1.0,0.0,0.0,1.0
-0.5457063856243295,-0.45689299073953066,-0.5096333248260525,0.0,1.0,0.0,0.0,1.0,0.0,1.0,0.0
0.12377955492465069,-0.38049502625190945,1.314885255655933,0.0,1.0,1.0,0.0,0.0,1.0,0.0,0.0
-0.5457063856243295,0.5362805475995449,-0.5085388877248135,0.0,1.0,0.0,0.0,1.0,0.0,0.0,1.0
-0.5457063856243295,0.6890764765747873,-0.10961656432318306,0.0,1.0,0.0,1.0,0.0,0.0,0.0,1.0
0.12377955492465069,0.38348461862430255,1.1484388835510944,1.0,0.0,1.0,0.0,0.0,0.0,0.0,1.0
0.12377955492465069,-0.22769909727666707,0.48356834454837716,0.0,1.0,1.0,0.0,0.0,0.0,0.0,1.0
-0.5457063856243295,-0.5332909552271519,-0.5052555764210964,1.0,0.0,0.0,0.0,1.0,0.0,0.0,1.0
2.801723317120571,-1.5264644935662275,-0.06802795447609954,0.0,1.0,0.0,0.0,1.0,0.0,0.0,1.0
-0.5457063856243295,-0.9916787421528791,-0.4891126291778205,0.0,1.0,0.0,0.0,1.0,0.0,0.0,1.0
0.7932654954736308,-0.07490316830142467,-0.34501247380608097,1.0,0.0,0.0,0.0,1.0,1.0,0.0,0.0
-0.5457063856243295,1.3002601924757569,-0.48172517874445697,0.0,1.0,0.0,0.0,1.0,0.0,0.0,1.0
-0.5457063856243295,-0.38049502625190945,-0.50589472768822,0.0,1.0,0.0,0.0,1.0,0.0,0.0,1.0
-0.5457063856243295,0.23068868964906014,-0.6787238569674844,0.0,1.0,0.0,1.0,0.0,0.0,0.0,1.0
-0.5457063856243295,-0.5332909552271519,-0.5068052993564509,0.0,1.0,0.0,0.0,1.0,0.0,0.0,1.0
-0.5457063856243295,-0.7624848486900154,-0.520485763121939,0.0,1.0,0.0,0.0,1.0,1.0,0.0,0.0
-0.5457063856243295,0.23068868964906014,-0.5085388877248135,0.0,1.0,0.0,0.0,1.0,0.0,0.0,1.0
-0.5457063856243295,0.45988258311192376,1.0548645113951567,1.0,0.0,1.0,0.0,0.0,1.0,0.0,0.0
-0.5457063856243295,0.0014947961861965368,-0.5200304772878235,0.0,1.0,0.0,0.0,1.0,0.0,0.0,1.0
0.12377955492465069,0.19248970740524954,-0.020511873288705337,0.0,1.0,0.0,1.0,0.0,1.0,0.0,0.0
-0.5457063856243295,0.23068868964906014,-0.50589472768822,0.0,1.0,0.0,0.0,1.0,1.0,0.0,0.0
-0.5457063856243295,0.07789276067381774,-0.4886573433437051,1.0,0.0,0.0,0.0,1.0,0.0,0.0,1.0
-0.5457063856243295,-0.22769909727666707,-0.011117225211669376,0.0,1.0,1.0,0.0,0.0,0.0,0.0,1.0
0.12377955492465069,-0.07490316830142467,-0.10961656432318306,1.0,0.0,0.0,1.0,0.0,0.0,0.0,1.0
-0.5457063856243295,0.6890764765747873,-0.5052555764210964,0.0,1.0,0.0,0.0,1.0,0.0,0.0,1.0
-0.5457063856243295,-0.8388828131776367,-0.6787238569674844,0.0,1.0,0.0,0.0,1.0,0.0,0.0,1.0
-0.5457063856243295,0.45988258311192376,-0.3941702106453337,0.0,1.0,0.0,1.0,0.0,0.0,0.0,1.0
-0.5457063856243295,1.9114439083767265,-0.3285039845709913,1.0,0.0,0.0,1.0,0.0,0.0,0.0,1.0
-0.5457063856243295,0.38348461862430255,-0.011117225211669376,0.0,1.0,1.0,0.0,0.0,0.0,0.0,1.0
0.7932654954736308,-0.9152807776652578,-0.3941702106453337,1.0,0.0,0.0,1.0,0.0,0.0,0.0,1.0
-0.5457063856243295,0.6126785120871662,-0.50589472768822,0.0,1.0,0.0,0.0,1.0,0.0,0.0,1.0
0.12377955492465069,1.4530561214509994,1.0007818076003283,1.0,0.0,1.0,0.0,0.0,1.0,0.0,0.0
-0.5457063856243295,-0.6096889197147731,-0.508083601890698,0.0,1.0,0.0,0.0,1.0,0.0,0.0,1.0
-0.5457063856243295,0.30708665413668135,-0.3941702106453337,0.0,1.0,0.0,1.0,0.0,0.0,0.0,1.0
0.7932654954736308,-1.9848522804919546,-0.17528279039752553,1.0,0.0,0.0,1.0,0.0,0.0,0.0,1.0
-0.5457063856243295,0.0014947961861965368,0.5673847155096678,1.0,0.0,1.0,0.0,0.0,1.0,0.0,0.0
2.132237376571591,-2.061250244979576,-0.2174186187952286,1.0,0.0,0.0,0.0,1.0,0.0,0.0,1.0
0.12377955492465069,1.8350459438891054,-0.10961656432318306,0.0,1.0,0.0,1.0,0.0,0.0,0.0,1.0
0.7932654954736308,-0.15130113278904586,-0.5052555764210964,0.0,1.0,0.0,0.0,1.0,0.0,0.0,1.0
-0.5457063856243295,-0.6096889197147731,4.301512172220772,0.0,1.0,1.0,0.0,0.0,1.0,0.0,0.0
0.7932654954736308,-2.2140461739548183,0.13125153066590997,0.0,1.0,0.0,1.0,0.0,1.0,0.0,0.0
0.7932654954736308,0.9946683345252721,-0.10414437881698786,0.0,1.0,0.0,1.0,0.0,0.0,0.0,1.0
-0.5457063856243295,2.75182151774056,-0.4488920657072858,0.0,1.0,0.0,1.0,0.0,0.0,0.0,1.0
2.132237376571591,-0.5332909552271519,-0.12128983044499869,0.0,1.0,0.0,0.0,1.0,0.0,0.0,1.0
-0.5457063856243295,-0.45689299073953066,0.8381659653498263,1.0,0.0,1.0,0.0,0.0,1.0,0.0,0.0
-0.5457063856243295,-0.38049502625190945,-0.6787238569674844,0.0,1.0,0.0,0.0,1.0,0.0,0.0,1.0
-0.5457063856243295,0.30708665413668135,-0.5025194836679988,0.0,1.0,0.0,0.0,1.0,0.0,0.0,1.0
-0.5457063856243295,0.0014947961861965368,-0.4488920657072858,0.0,1.0,0.0,1.0,0.0,0.0,0.0,1.0
0.12377955492465069,0.38348461862430255,0.45949072832111826,1.0,0.0,1.0,0.0,0.0,0.0,0.0,1.0
-0.5457063856243295,1.5294540859386205,-0.5025194836679988,0.0,1.0,0.0,0.0,1.0,0.0,0.0,1.0
-0.5457063856243295,-0.6096889197147731,-0.46339335729870307,1.0,0.0,0.0,0.0,1.0,0.0,0.0,1.0
-0.5457063856243295,-0.45689299073953066,1.0548645113951567,0.0,1.0,1.0,0.0,0.0,1.0,0.0,0.0
-0.5457063856243295,-0.5332909552271519,-0.509086106275433,0.0,1.0,0.0,0.0,1.0,0.0,1.0,0.0
-0.5457063856243295,-0.9152807776652578,-0.5085388877248135,1.0,0.0,0.0,0.0,1.0,0.0,0.0,1.0
-0.5457063856243295,-0.9152807776652578,-0.3941702106453337,0.0,1.0,0.0,1.0,0.0,0.0,0.0,1.0
2.801723317120571,-1.0680767066405004,0.1899855921410044,0.0,1.0,0.0,0.0,1.0,0.0,0.0,1.0
0.12377955492465069,0.0014947961861965368,-0.1533940483727447,0.0,1.0,0.0,1.0,0.0,1.0,0.0,0.0
-0.5457063856243295,0.0014947961861965368,-0.3941702106453337,0.0,1.0,0.0,1.0,0.0,0.0,0.0,1.0
-0.5457063856243295,2.522627624277696,-0.4688655428048983,1.0,0.0,0.0,0.0,1.0,0.0,0.0,1.0
-0.5457063856243295,-0.07490316830142467,-0.022061596224059787,0.0,1.0,1.0,0.0,0.0,0.0,0.0,1.0
0.12377955492465069,0.6126785120871662,2.6803772160104424,0.0,1.0,1.0,0.0,0.0,0.0,0.0,1.0
-0.5457063856243295,0.23068868964906014,-0.11125821997504161,0.0,1.0,1.0,0.0,0.0,0.0,0.0,1.0
-0.5457063856243295,-0.6860868842023943,-0.5094516482672469,0.0,1.0,0.0,0.0,1.0,0.0,1.0,0.0
0.12377955492465069,-0.9152807776652578,1.704960149531147,0.0,1.0,1.0,0.0,0.0,1.0,0.0,0.0
-0.5457063856243295,0.0014947961861965368,1.7483720915888947,1.0,0.0,1.0,0.0,0.0,1.0,0.0,0.0
-0.5457063856243295,1.0710662990128934,-0.5052555764210964,0.0,1.0,0.0,0.0,1.0,0.0,0.0,1.0
-0.5457063856243295,-0.45689299073953066,-0.4488920657072858,0.0,1.0,0.0,1.0,0.0,0.0,0.0,1.0
2.801723317120571,-1.7556583870290912,-0.041214245495743006,0.0,1.0,0.0,0.0,1.0,0.0,1.0,0.0
-0.5457063856243295,0.918270370037651,4.301512172220772,1.0,0.0,1.0,0.0,0.0,1.0,0.0,0.0
-0.5457063856243295,-0.5332909552271519,-0.520485763121939,0.0,1.0,0.0,0.0,1.0,1.0,0.0,0.0
-0.5457063856243295,2.2170357663272116,-0.5200304772878235,0.0,1.0,0.0,0.0,1.0,0.0,0.0,1.0
0.7932654954736308,0.7654744410624086,2.2653119453655357,1.0,0.0,1.0,0.0,0.0,1.0,0.0,0.0
-0.5457063856243295,0.15429072516143894,-0.5052555764210964,0.0,1.0,0.0,0.0,1.0,0.0,0.0,1.0
-0.5457063856243295,1.9878418728643479,-0.006831409523217326,0.0,1.0,1.0,0.0,0.0,1.0,0.0,0.0
-0.5457063856243295,-0.30409706176428825,0.5578981347161279,0.0,1.0,0.0,0.0,1.0,0.0,0.0,1.0
-0.5457063856243295,1.3766581569633782,-0.11116628725853751,1.0,0.0,1.0,0.0,0.0,0.0,0.0,1.0
0.7932654954736308,-0.9152807776652578,-0.5068052993564509,0.0,1.0,0.0,0.0,1.0,0.0,0.0,1.0
2.801723317120571,-1.6792604225414698,-0.041214245495743006,0.0,1.0,0.0,0.0,1.0,0.0,1.0,0.0
-0.5457063856243295,-0.22769909727666707,-0.5052555764210964,1.0,0.0,0.0,0.0,1.0,0.0,0.0,1.0
0.12377955492465069,-0.45689299073953066,-0.1501107370690276,0.0,1.0,0.0,0.0,1.0,0.0,1.0,0.0
0.12377955492465069,-0.7624848486900154,-0.33944835558338166,0.0,1.0,0.0,0.0,1.0,0.0,1.0,0.0
-0.5457063856243295,-0.6096889197147731,-0.5095413921095485,0.0,1.0,0.0,0.0,1.0,0.0,1.0,0.0
-0.5457063856243295,-0.15130113278904586,-0.509086106275433,1.0,0.0,0.0,0.0,1.0,0.0,1.0,0.0
-0.5457063856243295,0.0014947961861965368,-0.3941702106453337,0.0,1.0,0.0,1.0,0.0,0.0,0.0,1.0
-0.5457063856243295,-0.38049502625190945,-0.3941702106453337,0.0,1.0,0.0,1.0,0.0,0.0,0.0,1.0
-0.5457063856243295,-0.7624848486900154,-0.6787238569674844,0.0,1.0,0.0,1.0,0.0,0.0,0.0,1.0
0.12377955492465069,-0.22769909727666707,-0.40566180020834364,1.0,0.0,0.0,0.0,1.0,0.0,0.0,1.0
-0.5457063856243295,-0.07490316830142467,-0.4711463497238804,0.0,1.0,0.0,0.0,1.0,0.0,0.0,1.0
1.462751436022611,0.0014947961861965368,-0.21906027444708717,1.0,0.0,0.0,1.0,0.0,0.0,0.0,1.0
-0.5457063856243295,1.4530561214509994,-0.6787238569674844,0.0,1.0,0.0,0.0,1.0,0.0,0.0,1.0
0.7932654954736308,0.30708665413668135,-0.3635259718106406,0.0,1.0,0.0,0.0,1.0,0.0,0.0,1.0
0.12377955492465069,-0.07490316830142467,-0.509086106275433,0.0,1.0,0.0,0.0,1.0,0.0,1.0,0.0
0.7932654954736308,-2.227033827917714,-0.268309944002844,0.0,1.0,0.0,1.0,0.0,0.0,0.0,1.0
1.462751436022611,-2.2140461739548183,-0.22836298980761902,0.0,1.0,0.0,0.0,1.0,0.0,0.0,1.0
-0.5457063856243295,1.1474642635005146,-0.509086106275433,1.0,0.0,0.0,0.0,1.0,0.0,0.0,1.0
-0.5457063856243295,0.15429072516143894,-0.5052555764210964,0.0,1.0,0.0,0.0,1.0,0.0,0.0,1.0
0.7932654954736308,-0.9152807776652578,1.064714445306308,1.0,0.0,1.0,0.0,0.0,0.0,0.0,1.0
0.12377955492465069,1.0710662990128934,-0.10961656432318306,1.0,0.0,0.0,1.0,0.0,0.0,0.0,1.0
0.12377955492465069,0.918270370037651,0.4716214691512518,0.0,1.0,1.0,0.0,0.0,0.0,0.0,1.0
-0.5457063856243295,-0.45689299073953066,-0.509086106275433,1.0,0.0,0.0,0.0,1.0,0.0,1.0,0.0
0.12377955492465069,0.23068868964906014,0.48356834454837716,1.0,0.0,1.0,0.0,0.0,0.0,0.0,1.0
-0.5457063856243295,-0.8388828131776367,-0.5112749804779111,0.0,1.0,0.0,0.0,1.0,0.0,0.0,1.0
-0.5457063856243295,0.30708665413668135,-0.5025194836679988,0.0,1.0,0.0,0.0,1.0,0.0,0.0,1.0
0.7932654954736308,0.5362805475995449,0.4716214691512518,0.0,1.0,1.0,0.0,0.0,0.0,0.0,1.0
-0.5457063856243295,0.38348461862430255,-0.10961656432318306,0.0,1.0,0.0,1.0,0.0,0.0,0.0,1.0
0.12377955492465069,-0.15130113278904586,0.04360462985028267,0.0,1.0,0.0,1.0,0.0,0.0,0.0,1.0
1.462751436022611,-1.9084543160043335,-0.07131126577981663,1.0,0.0,0.0,1.0,0.0,0.0,0.0,1.0
-0.5457063856243295,0.8418724055500297,2.2653119453655357,1.0,0.0,1.0,0.0,0.0,1.0,0.0,0.0
2.132237376571591,-0.45689299073953066,-0.12128983044499869,1.0,0.0,0.0,0.0,1.0,0.0,0.0,1.0
-0.5457063856243295,-0.30409706176428825,-0.50589472768822,0.0,1.0,0.0,0.0,1.0,0.0,0.0,1.0
-0.5457063856243295,-0.6096889197147731,-0.50589472768822,0.0,1.0,0.0,0.0,1.0,0.0,0.0,1.0
-0.5457063856243295,-0.8388828131776367,-0.4488920657072858,0.0,1.0,0.0,1.0,0.0,0.0,0.0,1.0
-0.5457063856243295,-1.0680767066405004,-0.5025194836679988,0.0,1.0,0.0,0.0,1.0,0.0,0.0,1.0
-0.5457063856243295,-0.8388828131776367,-0.45609783958184363,0.0,1.0,0.0,0.0,1.0,0.0,0.0,1.0
0.12377955492465069,1.6058520504262417,1.027685260422986,1.0,0.0,1.0,0.0,0.0,0.0,0.0,1.0
-0.5457063856243295,-0.30409706176428825,-0.50589472768822,0.0,1.0,0.0,0.0,1.0,0.0,0.0,1.0
0.12377955492465069,-0.9152807776652578,-0.36233960199289744,1.0,0.0,0.0,0.0,1.0,1.0,0.0,0.0
0.12377955492465069,0.9946683345252721,3.9471881606946324,1.0,0.0,1.0,0.0,0.0,0.0,0.0,1.0
1.462751436022611,-2.2331456650767234,-0.25718389643164796,1.0,0.0,0.0,0.0,1.0,1.0,0.0,0.0
3.4712092576695515,-1.8320563515167123,0.005846549857535728,1.0,0.0,0.0,0.0,1.0,0.0,0.0,1.0
-0.5457063856243295,-0.45689299073953066,0.8381659653498263,1.0,0.0,1.0,0.0,0.0,1.0,0.0,0.0
-0.5457063856243295,-0.7624848486900154,-0.10961656432318306,0.0,1.0,1.0,0.0,0.0,0.0,0.0,1.0
-0.5457063856243295,-0.6096889197147731,-0.5200304772878235,0.0,1.0,0.0,0.0,1.0,0.0,0.0,1.0
0.12377955492465069,1.6058520504262417,0.6647896175199425,0.0,1.0,1.0,0.0,0.0,1.0,0.0,0.0
1.462751436022611,-1.2208726356157427,1.947925186006214,1.0,0.0,1.0,0.0,0.0,0.0,0.0,1.0
-0.5457063856243295,1.5294540859386205,-0.3941702106453337,0.0,1.0,0.0,1.0,0.0,0.0,0.0,1.0
0.12377955492465069,-0.15130113278904586,-0.33944835558338166,0.0,1.0,0.0,0.0,1.0,0.0,1.0,0.0
1.462751436022611,0.23068868964906014,-0.07131126577981663,1.0,0.0,0.0,1.0,0.0,0.0,0.0,1.0
0.7932654954736308,-0.5332909552271519,-0.34501247380608097,1.0,0.0,0.0,0.0,1.0,1.0,0.0,0.0
0.7932654954736308,2.2934337308148325,1.0548645113951567,0.0,1.0,1.0,0.0,0.0,1.0,0.0,0.0
-0.5457063856243295,0.07789276067381774,-0.49358231029928074,0.0,1.0,0.0,0.0,1.0,0.0,1.0,0.0
0.7932654954736308,0.8418724055500297,-0.23629765879160208,1.0,0.0,0.0,0.0,1.0,0.0,0.0,1.0
0.12377955492465069,-0.22769909727666707,-0.21906027444708717,1.0,0.0,0.0,1.0,0.0,0.0,0.0,1.0
1.462751436022611,-2.061250244979576,0.2313925254292823,1.0,0.0,0.0,1.0,0.0,1.0,0.0,0.0
0.7932654954736308,1.682250014913863,1.3678735223495222,1.0,0.0,1.0,0.0,0.0,0.0,0.0,1.0
0.12377955492465069,-0.15130113278904586,1.1198915862023755,0.0,1.0,1.0,0.0,0.0,1.0,0.0,0.0
0.7932654954736308,0.30708665413668135,-0.34501247380608097,0.0,1.0,0.0,0.0,1.0,1.0,0.0,0.0
-0.5457063856243295,0.5362805475995449,-0.5094516482672469,1.0,0.0,0.0,0.0,1.0,0.0,1.0,0.0
-0.5457063856243295,1.1856632457443252,-0.054894709261231016,0.0,1.0,1.0,0.0,0.0,0.0,0.0,1.0
0.12377955492465069,0.0014947961861965368,-0.32631511036851313,0.0,1.0,0.0,0.0,1.0,0.0,0.0,1.0
-0.5457063856243295,0.0014947961861965368,-0.5025194836679988,0.0,1.0,0.0,0.0,1.0,0.0,0.0,1.0
-0.5457063856243295,2.5990255887653175,-0.10961656432318306,0.0,1.0,1.0,0.0,0.0,0.0,0.0,1.0
-0.5457063856243295,-0.22769909727666707,-0.4488920657072858,1.0,0.0,0.0,1.0,0.0,0.0,0.0,1.0
0.12377955492465069,0.30708665413668135,-0.21906027444708717,0.0,1.0,0.0,1.0,0.0,0.0,0.0,1.0
-0.5457063856243295,-0.22769909727666707,0.5578981347161279,0.0,1.0,0.0,0.0,1.0,0.0,0.0,1.0
0.12377955492465069,-0.9152807776652578,4.301512172220772,1.0,0.0,1.0,0.0,0.0,1.0,0.0,0.0
6.149153019865472,-0.38049502625190945,0.8436381508560216,0.0,1.0,0.0,0.0,1.0,0.0,0.0,1.0
-0.5457063856243295,-0.30409706176428825,-0.022061596224059787,0.0,1.0,1.0,0.0,0.0,1.0,0.0,0.0
1.462751436022611,-0.45689299073953066,-0.25718389643164796,1.0,0.0,0.0,0.0,1.0,1.0,0.0,0.0
1.462751436022611,0.45988258311192376,1.947925186006214,1.0,0.0,1.0,0.0,0.0,0.0,0.0,1.0
0.12377955492465069,-0.07490316830142467,-0.10961656432318306,1.0,0.0,0.0,1.0,0.0,0.0,0.0,1.0
-0.5457063856243295,-0.7624848486900154,-0.47680021178888127,0.0,1.0,0.0,0.0,1.0,0.0,0.0,1.0
-0.5457063856243295,0.9946683345252721,-0.5025194836679988,0.0,1.0,0.0,0.0,1.0,0.0,0.0,1.0
-0.5457063856243295,-0.9152807776652578,-0.42700332368250493,0.0,1.0,0.0,1.0,0.0,0.0,0.0,1.0
-0.5457063856243295,1.4530561214509994,-0.11116628725853751,1.0,0.0,1.0,0.0,0.0,0.0,0.0,1.0
-0.5457063856243295,-0.30409706176428825,-0.4488920657072858,0.0,1.0,0.0,1.0,0.0,0.0,0.0,1.0
-0.5457063856243295,-0.5332909552271519,-0.3493902222110371,0.0,1.0,0.0,1.0,0.0,1.0,0.0,0.0
-0.5457063856243295,-0.6860868842023943,-0.5025194836679988,0.0,1.0,0.0,0.0,1.0,0.0,0.0,1.0
0.12377955492465069,0.918270370037651,-0.4947664912428214,0.0,1.0,0.0,0.0,1.0,0.0,0.0,1.0
-0.5457063856243295,-0.22769909727666707,-0.509086106275433,0.0,1.0,0.0,0.0,1.0,0.0,1.0,0.0
3.4712092576695515,-2.137648209467197,0.005846549857535728,1.0,0.0,0.0,0.0,1.0,0.0,0.0,1.0
-0.5457063856243295,-0.38049502625190945,-0.3941702106453337,0.0,1.0,0.0,1.0,0.0,0.0,0.0,1.0
-0.5457063856243295,-0.45689299073953066,-0.5025194836679988,0.0,1.0,0.0,0.0,1.0,0.0,0.0,1.0
-0.5457063856243295,2.369831695302454,-0.542192828587914,0.0,1.0,0.0,0.0,1.0,0.0,0.0,1.0
-0.5457063856243295,0.07789276067381774,-0.4488920657072858,0.0,1.0,0.0,1.0,0.0,0.0,0.0,1.0
0.12377955492465069,1.4530561214509994,1.271654990156991,0.0,1.0,1.0,0.0,0.0,1.0,0.0,0.0
-0.5457063856243295,-0.5332909552271519,-0.3941702106453337,0.0,1.0,0.0,1.0,0.0,0.0,0.0,1.0
0.7932654954736308,-0.8388828131776367,0.12568741244321074,0.0,1.0,0.0,1.0,0.0,0.0,0.0,1.0
-0.5457063856243295,2.6754235532529385,-0.509086106275433,0.0,1.0,0.0,0.0,1.0,0.0,1.0,0.0
0.12377955492465069,-0.15130113278904586,-0.2416779115812932,0.0,1.0,0.0,0.0,1.0,0.0,0.0,1.0
-0.5457063856243295,-0.30409706176428825,1.0472034516864832,1.0,0.0,1.0,0.0,0.0,0.0,0.0,1.0
-0.5457063856243295,-0.9152807776652578,-0.42700332368250493,0.0,1.0,0.0,1.0,0.0,0.0,0.0,1.0
0.12377955492465069,1.8350459438891054,1.013002292272763,0.0,1.0,1.0,0.0,0.0,0.0,0.0,1.0
-0.5457063856243295,0.0014947961861965368,-0.520485763121939,0.0,1.0,0.0,0.0,1.0,1.0,0.0,0.0
-0.5457063856243295,1.3002601924757569,0.45949072832111826,0.0,1.0,1.0,0.0,0.0,0.0,0.0,1.0
0.7932654954736308,-0.6860868842023943,0.9300986818539059,0.0,1.0,0.0,1.0,0.0,0.0,0.0,1.0
-0.5457063856243295,-0.07490316830142467,-0.4488920657072858,0.0,1.0,0.0,1.0,0.0,0.0,0.0,1.0
-0.5457063856243295,0.6890764765747873,-0.1501107370690276,0.0,1.0,0.0,0.0,1.0,0.0,0.0,1.0
2.801723317120571,0.6890764765747873,-0.041214245495743006,1.0,0.0,0.0,0.0,1.0,0.0,1.0,0.0
0.12377955492465069,0.45988258311192376,-0.33835391848214263,0.0,1.0,0.0,0.0,1.0,0.0,0.0,1.0
0.7932654954736308,-0.38049502625190945,-0.022061596224059787,1.0,0.0,0.0,1.0,0.0,0.0,0.0,1.0
-0.5457063856243295,0.5362805475995449,-0.4891126291778205,0.0,1.0,0.0,0.0,1.0,0.0,0.0,1.0
0.12377955492465069,1.3002601924757569,-0.3613370976081625,1.0,0.0,0.0,0.0,1.0,0.0,0.0,1.0
-0.5457063856243295,1.682250014913863,-0.011117225211669376,0.0,1.0,1.0,0.0,0.0,0.0,0.0,1.0
-0.5457063856243295,0.45988258311192376,-0.6787238569674844,0.0,1.0,0.0,0.0,1.0,0.0,0.0,1.0
0.12377955492465069,-0.45689299073953066,-0.3317872958747084,1.0,0.0,0.0,0.0,1.0,0.0,0.0,1.0
-0.5457063856243295,-0.7624848486900154,-0.5093597155507428,0.0,1.0,0.0,0.0,1.0,0.0,1.0,0.0
-0.5457063856243295,0.30708665413668135,-0.3941702106453337,0.0,1.0,0.0,1.0,0.0,0.0,0.0,1.0
-0.5457063856243295,0.07789276067381774,-0.5085388877248135,0.0,1.0,0.0,0.0,1.0,0.0,0.0,1.0
2.132237376571591,-1.6792604225414698,-0.2174186187952286,1.0,0.0,0.0,0.0,1.0,0.0,0.0,1.0
-0.5457063856243295,1.9878418728643479,-0.0975777562095536,0.0,1.0,1.0,0.0,0.0,0.0,0.0,1.0
-0.5457063856243295,0.38348461862430255,-0.10332355099105855,0.0,1.0,1.0,0.0,0.0,0.0,0.0,1.0
-0.5457063856243295,-0.6860868842023943,-0.5112749804779111,1.0,0.0,0.0,0.0,1.0,0.0,0.0,1.0
-0.5457063856243295,-0.22769909727666707,-0.5082652784495038,1.0,0.0,0.0,0.0,1.0,0.0,1.0,0.0
0.12377955492465069,-0.5332909552271519,1.8007233958895632,1.0,0.0,1.0,0.0,0.0,1.0,0.0,0.0
0.12377955492465069,0.6126785120871662,1.2912629252627894,0.0,1.0,1.0,0.0,0.0,0.0,0.0,1.0
-0.5457063856243295,1.6058520504262417,-0.5025194836679988,0.0,1.0,0.0,0.0,1.0,0.0,0.0,1.0
0.12377955492465069,-1.182673653371932,-0.36233960199289744,1.0,0.0,0.0,0.0,1.0,1.0,0.0,0.0
-0.5457063856243295,-0.38049502625190945,-0.5244082256927796,0.0,1.0,0.0,0.0,1.0,0.0,0.0,1.0
-0.5457063856243295,0.0014947961861965368,-0.0975777562095536,0.0,1.0,1.0,0.0,0.0,0.0,0.0,1.0
0.12377955492465069,0.918270370037651,-0.08772782229840224,0.0,1.0,0.0,1.0,0.0,0.0,0.0,1.0
-0.5457063856243295,0.0014947961861965368,-0.50589472768822,0.0,1.0,0.0,0.0,1.0,0.0,0.0,1.0
2.801723317120571,-1.9848522804919546,-0.041214245495743006,0.0,1.0,0.0,0.0,1.0,0.0,1.0,0.0
-0.5457063856243295,1.6058520504262417,-0.4045673631071046,0.0,1.0,0.0,1.0,0.0,0.0,0.0,1.0
-0.5457063856243295,0.0014947961861965368,-0.6787238569674844,0.0,1.0,0.0,1.0,0.0,0.0,0.0,1.0
-0.5457063856243295,-0.7624848486900154,-0.5908952795930513,0.0,1.0,0.0,0.0,1.0,1.0,0.0,0.0
-0.5457063856243295,-0.07490316830142467,-0.006831409523217326,0.0,1.0,1.0,0.0,0.0,1.0,0.0,0.0
-0.5457063856243295,-0.45689299073953066,-0.48801819207658154,0.0,1.0,0.0,0.0,1.0,1.0,0.0,0.0
-0.5457063856243295,-0.6860868842023943,-0.508083601890698,0.0,1.0,0.0,0.0,1.0,0.0,0.0,1.0
-0.5457063856243295,0.38348461862430255,-0.5227665700409211,0.0,1.0,0.0,0.0,1.0,0.0,0.0,1.0
-0.5457063856243295,0.0014947961861965368,-0.3941702106453337,1.0,0.0,0.0,1.0,0.0,0.0,0.0,1.0
-0.5457063856243295,-0.6860868842023943,-0.5068052993564509,0.0,1.0,0.0,0.0,1.0,0.0,0.0,1.0
-0.5457063856243295,-1.0680767066405004,1.2146523281760566,1.0,0.0,1.0,0.0,0.0,0.0,0.0,1.0
0.12377955492465069,-0.30409706176428825,-0.36233960199289744,0.0,1.0,0.0,0.0,1.0,1.0,0.0,0.0
0.12377955492465069,1.1474642635005146,-0.36233960199289744,1.0,0.0,0.0,0.0,1.0,1.0,0.0,0.0
0.7932654954736308,0.23068868964906014,-0.2294574269088581,0.0,1.0,0.0,0.0,1.0,0.0,0.0,1.0
-0.5457063856243295,0.918270370037651,-0.10332355099105855,0.0,1.0,1.0,0.0,0.0,0.0,0.0,1.0
-0.5457063856243295,-0.45689299073953066,-0.5224010280491072,0.0,1.0,0.0,0.0,1.0,0.0,0.0,1.0
0.12377955492465069,-0.30409706176428825,-0.32631511036851313,1.0,0.0,0.0,0.0,1.0,0.0,0.0,1.0
0.7932654954736308,-2.227033827917714,-0.043950338248840606,0.0,1.0,0.0,1.0,0.0,0.0,0.0,1.0
0.7932654954736308,0.7654744410624086,0.1749370819989676,1.0,0.0,0.0,1.0,0.0,0.0,0.0,1.0
3.4712092576695515,0.6890764765747873,0.005846549857535728,0.0,1.0,0.0,0.0,1.0,0.0,0.0,1.0
-0.5457063856243295,-0.15130113278904586,-0.4707808077320666,0.0,1.0,0.0,0.0,1.0,0.0,0.0,1.0
0.12377955492465069,0.5362805475995449,-0.028628218831494048,0.0,1.0,1.0,0.0,0.0,1.0,0.0,0.0
-0.5457063856243295,-0.6096889197147731,-0.5200304772878235,0.0,1.0,0.0,0.0,1.0,0.0,0.0,1.0
3.4712092576695515,-1.9848522804919546,0.005846549857535728,0.0,1.0,0.0,0.0,1.0,0.0,0.0,1.0
-0.5457063856243295,-0.07490316830142467,-0.509086106275433,0.0,1.0,0.0,0.0,1.0,0.0,1.0,0.0
-0.5457063856243295,0.6126785120871662,-0.5244082256927796,0.0,1.0,0.0,0.0,1.0,0.0,0.0,1.0
-0.5457063856243295,-0.38049502625190945,-0.5244082256927796,0.0,1.0,0.0,0.0,1.0,0.0,0.0,1.0
-0.5457063856243295,0.7654744410624086,-0.33397617007718644,1.0,0.0,0.0,1.0,0.0,0.0,0.0,1.0
-0.5457063856243295,1.8350459438891054,0.4564810262927108,0.0,1.0,1.0,0.0,0.0,0.0,0.0,1.0
-0.5457063856243295,-0.15130113278904586,-0.50589472768822,0.0,1.0,0.0,0.0,1.0,0.0,0.0,1.0
-0.5457063856243295,-0.15130113278904586,-0.40183127035400706,1.0,0.0,0.0,1.0,0.0,0.0,0.0,1.0
-0.5457063856243295,-1.2208726356157427,-0.5068052993564509,1.0,0.0,0.0,0.0,1.0,0.0,0.0,1.0
-0.5457063856243295,0.45988258311192376,2.2901184567022197,1.0,0.0,1.0,0.0,0.0,1.0,0.0,0.0
-0.5457063856243295,-0.45689299073953066,-0.3613370976081625,0.0,1.0,0.0,0.0,1.0,0.0,0.0,1.0
-0.5457063856243295,-0.45689299073953066,-0.5146502244981324,0.0,1.0,0.0,0.0,1.0,0.0,0.0,1.0
-0.5457063856243295,-0.6860868842023943,-0.5085388877248135,0.0,1.0,0.0,0.0,1.0,0.0,0.0,1.0
0.7932654954736308,1.682250014913863,1.064714445306308,0.0,1.0,1.0,0.0,0.0,0.0,0.0,1.0
0.12377955492465069,0.0014947961861965368,-0.1501107370690276,1.0,0.0,0.0,0.0,1.0,0.0,1.0,0.0
-0.5457063856243295,0.5362805475995449,0.04360462985028267,1.0,0.0,0.0,1.0,0.0,0.0,0.0,1.0
-0.5457063856243295,-0.38049502625190945,-0.5200304772878235,0.0,1.0,0.0,0.0,1.0,0.0,0.0,1.0
-0.5457063856243295,-0.6096889197147731,-0.5025194836679988,0.0,1.0,0.0,0.0,1.0,0.0,0.0,1.0
-0.5457063856243295,2.369831695302454,0.054549000862673086,0.0,1.0,1.0,0.0,0.0,0.0,0.0,1.0
-0.5457063856243295,-0.6096889197147731,-0.5025194836679988,0.0,1.0,0.0,0.0,1.0,0.0,0.0,1.0
-0.5457063856243295,-0.30409706176428825,-0.5025194836679988,0.0,1.0,0.0,0.0,1.0,0.0,0.0,1.0
0.12377955492465069,0.23068868964906014,1.2912629252627894,1.0,0.0,1.0,0.0,0.0,0.0,1.0,0.0
-0.5457063856243295,-0.15130113278904586,-0.18567994285929645,0.0,1.0,0.0,0.0,1.0,0.0,0.0,1.0
-0.5457063856243295,1.0710662990128934,-0.5025194836679988,0.0,1.0,0.0,0.0,1.0,0.0,0.0,1.0
-0.5457063856243295,0.8418724055500297,-0.5227665700409211,0.0,1.0,0.0,0.0,1.0,0.0,0.0,1.0
-0.5457063856243295,-0.11310215054523527,-0.520485763121939,0.0,1.0,0.0,0.0,1.0,1.0,0.0,0.0
-0.5457063856243295,-0.45689299073953066,-0.50589472768822,0.0,1.0,0.0,0.0,1.0,1.0,0.0,0.0
0.12377955492465069,-0.6860868842023943,-0.42700332368250493,0.0,1.0,0.0,1.0,0.0,0.0,0.0,1.0
2.801723317120571,-0.5332909552271519,5.078015295549871,1.0,0.0,1.0,0.0,0.0,0.0,0.0,1.0
-0.5457063856243295,0.45988258311192376,-0.4488920657072858,0.0,1.0,0.0,1.0,0.0,0.0,0.0,1.0
0.12377955492465069,-0.9916787421528791,0.5689344384450223,1.0,0.0,1.0,0.0,0.0,0.0,0.0,1.0
-0.5457063856243295,0.8036734233062192,-0.509086106275433,0.0,1.0,0.0,0.0,1.0,0.0,1.0,0.0
2.801723317120571,-1.9848522804919546,-0.06802795447609954,0.0,1.0,0.0,0.0,1.0,0.0,0.0,1.0
-0.5457063856243295,0.0014947961861965368,-0.40839789296144124,1.0,0.0,0.0,1.0,0.0,0.0,1.0,0.0
-0.5457063856243295,-0.8388828131776367,-0.5025194836679988,0.0,1.0,0.0,0.0,1.0,0.0,0.0,1.0
-0.5457063856243295,0.15429072516143894,0.24935880488322235,0.0,1.0,1.0,0.0,0.0,0.0,0.0,1.0
-0.5457063856243295,-0.45689299073953066,-0.5094516482672469,0.0,1.0,0.0,0.0,1.0,0.0,1.0,0.0
-0.5457063856243295,-0.38049502625190945,-0.5025194836679988,0.0,1.0,0.0,0.0,1.0,0.0,0.0,1.0
-0.5457063856243295,2.14063780183959,2.528432135497021,1.0,0.0,1.0,0.0,0.0,1.0,0.0,0.0
-0.5457063856243295,-0.07490316830142467,-0.5062580808058313,1.0,0.0,0.0,0.0,1.0,0.0,1.0,0.0
0.7932654954736308,-0.45689299073953066,-0.3131818651536447,1.0,0.0,0.0,0.0,1.0,0.0,0.0,1.0
0.7932654954736308,-1.9848522804919546,-0.19662431387168686,1.0,0.0,0.0,0.0,1.0,0.0,0.0,1.0
0.12377955492465069,-0.45689299073953066,-0.10961656432318306,1.0,0.0,0.0,1.0,0.0,0.0,0.0,1.0
-0.5457063856243295,-0.9916787421528791,-0.4891126291778205,0.0,1.0,0.0,0.0,1.0,0.0,0.0,1.0
-0.5457063856243295,-0.6860868842023943,1.027685260422986,1.0,0.0,1.0,0.0,0.0,0.0,0.0,1.0
0.7932654954736308,0.45988258311192376,0.8753768267919538,1.0,0.0,1.0,0.0,0.0,0.0,0.0,1.0
-0.5457063856243295,-0.6860868842023943,-0.5025194836679988,0.0,1.0,0.0,0.0,1.0,0.0,0.0,1.0
-0.5457063856243295,0.07789276067381774,0.426565682567443,0.0,1.0,1.0,0.0,0.0,0.0,0.0,1.0
-0.5457063856243295,-0.5332909552271519,-0.5205776958384429,0.0,1.0,0.0,0.0,1.0,1.0,0.0,0.0
-0.5457063856243295,-0.7624848486900154,-0.5025194836679988,0.0,1.0,0.0,0.0,1.0,0.0,0.0,1.0
-0.5457063856243295,-0.22769909727666707,-0.5260498813446381,0.0,1.0,0.0,0.0,1.0,0.0,0.0,1.0
-0.5457063856243295,1.5294540859386205,-0.4488920657072858,1.0,0.0,0.0,1.0,0.0,0.0,0.0,1.0
-0.5457063856243295,-0.5332909552271519,-0.5025194836679988,0.0,1.0,0.0,0.0,1.0,0.0,0.0,1.0
-0.5457063856243295,0.15429072516143894,-0.50589472768822,0.0,1.0,0.0,0.0,1.0,0.0,0.0,1.0
-0.5457063856243295,-0.45689299073953066,-0.5205776958384429,0.0,1.0,0.0,0.0,1.0,1.0,0.0,0.0
-0.5457063856243295,-0.15130113278904586,-0.3941702106453337,1.0,0.0,0.0,1.0,0.0,0.0,0.0,1.0
-0.5457063856243295,0.0014947961861965368,-0.40566180020834364,1.0,0.0,0.0,0.0,1.0,0.0,0.0,1.0
-0.5457063856243295,-0.7624848486900154,-0.4891126291778205,1.0,0.0,0.0,0.0,1.0,0.0,0.0,1.0
-0.5457063856243295,1.1474642635005146,0.09832648491223472,0.0,1.0,1.0,0.0,0.0,0.0,0.0,1.0
-0.5457063856243295,0.6890764765747873,-0.5052555764210964,0.0,1.0,0.0,0.0,1.0,0.0,0.0,1.0
-0.5457063856243295,0.15429072516143894,0.5578981347161279,0.0,1.0,0.0,0.0,1.0,0.0,0.0,1.0
-0.5457063856243295,-0.15130113278904586,-0.4707808077320666,0.0,1.0,0.0,0.0,1.0,0.0,0.0,1.0
-0.5457063856243295,0.23068868964906014,-0.509086106275433,1.0,0.0,0.0,0.0,1.0,0.0,1.0,0.0
-0.5457063856243295,0.07789276067381774,-0.5025194836679988,0.0,1.0,0.0,0.0,1.0,0.0,0.0,1.0
0.7932654954736308,-1.6028624580538486,-0.34501247380608097,1.0,0.0,0.0,0.0,1.0,1.0,0.0,0.0
-0.5457063856243295,-0.7624848486900154,-0.50589472768822,0.0,1.0,0.0,0.0,1.0,0.0,0.0,1.0
-0.5457063856243295,-0.7242858664462049,-0.5200304772878235,0.0,1.0,0.0,0.0,1.0,0.0,0.0,1.0
-0.5457063856243295,0.30708665413668135,-0.3941702106453337,0.0,1.0,0.0,1.0,0.0,0.0,0.0,1.0
-0.5457063856243295,-0.07490316830142467,-0.5025194836679988,0.0,1.0,0.0,0.0,1.0,0.0,0.0,1.0
-0.5457063856243295,-0.6096889197147731,-0.5134638546803891,0.0,1.0,0.0,0.0,1.0,0.0,0.0,1.0
-0.5457063856243295,-0.7624848486900154,-0.4891126291778205,0.0,1.0,0.0,0.0,1.0,0.0,0.0,1.0
4.140695198218531,0.9946683345252721,0.347858143994736,1.0,0.0,0.0,0.0,1.0,0.0,0.0,1.0
-0.5457063856243295,-0.6096889197147731,-0.520485763121939,0.0,1.0,0.0,0.0,1.0,1.0,0.0,0.0
-0.5457063856243295,-0.6096889197147731,-0.4485265237154719,1.0,0.0,0.0,0.0,1.0,0.0,0.0,1.0
-0.5457063856243295,0.6890764765747873,-0.3941702106453337,0.0,1.0,0.0,1.0,0.0,0.0,0.0,1.0
-0.5457063856243295,-0.6096889197147731,2.6385149968880492,1.0,0.0,1.0,0.0,0.0,0.0,0.0,1.0
-0.5457063856243295,1.8350459438891054,-0.3722814686205529,0.0,1.0,0.0,1.0,0.0,0.0,0.0,1.0
1.462751436022611,1.3766581569633782,0.7440443746432689,1.0,0.0,0.0,1.0,0.0,0.0,0.0,1.0
-0.5457063856243295,0.5362805475995449,-0.4688655428048983,1.0,0.0,0.0,0.0,1.0,0.0,0.0,1.0
0.12377955492465069,0.30708665413668135,-0.32631511036851313,1.0,0.0,0.0,0.0,1.0,0.0,0.0,1.0
-0.5457063856243295,-0.5332909552271519,-0.3941702106453337,0.0,1.0,0.0,1.0,0.0,0.0,0.0,1.0
-0.5457063856243295,-0.6096889197147731,-0.50589472768822,0.0,1.0,0.0,0.0,1.0,0.0,0.0,1.0
-0.5457063856243295,0.45988258311192376,-0.5146502244981324,0.0,1.0,0.0,0.0,1.0,0.0,0.0,1.0
0.12377955492465069,-1.3736685645909852,-0.4326571857475058,0.0,1.0,0.0,0.0,1.0,1.0,0.0,0.0
-0.5457063856243295,-0.6096889197147731,-0.509086106275433,1.0,0.0,0.0,0.0,1.0,0.0,1.0,0.0
-0.5457063856243295,3.0574133756910444,-0.4488920657072858,0.0,1.0,0.0,1.0,0.0,0.0,0.0,1.0
-0.5457063856243295,2.446229659790075,-0.4488920657072858,0.0,1.0,0.0,1.0,0.0,0.0,0.0,1.0
0.7932654954736308,0.15429072516143894,-0.33944835558338166,1.0,0.0,0.0,0.0,1.0,0.0,1.0,0.0
0.7932654954736308,-1.0680767066405004,-0.2354768309656728,0.0,1.0,0.0,0.0,1.0,0.0,0.0,1.0
-0.5457063856243295,0.30708665413668135,-0.0975777562095536,0.0,1.0,1.0,0.0,0.0,0.0,0.0,1.0
-0.5457063856243295,-0.7624848486900154,-0.5200304772878235,0.0,1.0,0.0,0.0,1.0,0.0,0.0,1.0
-0.5457063856243295,0.918270370037651,-0.3941702106453337,0.0,1.0,0.0,1.0,0.0,0.0,0.0,1.0
-0.5457063856243295,-0.45689299073953066,-0.508083601890698,0.0,1.0,0.0,0.0,1.0,0.0,0.0,1.0
-0.5457063856243295,-0.38049502625190945,-0.0975777562095536,0.0,1.0,1.0,0.0,0.0,0.0,0.0,1.0
-0.5457063856243295,-0.7624848486900154,-0.509086106275433,1.0,0.0,0.0,0.0,1.0,0.0,1.0,0.0
-0.5457063856243295,-0.6860868842023943,-0.5200304772878235,0.0,1.0,0.0,0.0,1.0,0.0,0.0,1.0
-0.5457063856243295,-0.15130113278904586,-0.0975777562095536,0.0,1.0,1.0,0.0,0.0,0.0,0.0,1.0
3.4712092576695515,0.6126785120871662,0.008309033335323585,1.0,0.0,0.0,0.0,1.0,0.0,0.0,1.0
-0.5457063856243295,0.30708665413668135,-0.520485763121939,0.0,1.0,0.0,0.0,1.0,1.0,0.0,0.0
-0.5457063856243295,-0.5332909552271519,-0.509086106275433,1.0,0.0,0.0,0.0,1.0,0.0,1.0,0.0
-0.5457063856243295,-0.45689299073953066,0.4048608059756702,1.0,0.0,1.0,0.0,0.0,1.0,0.0,0.0
-0.5457063856243295,0.23068868964906014,-0.4891126291778205,0.0,1.0,0.0,0.0,1.0,1.0,0.0,0.0
-0.5457063856243295,1.6058520504262417,-0.5243162929762755,0.0,1.0,0.0,0.0,1.0,0.0,0.0,1.0
-0.5457063856243295,-0.9152807776652578,-0.5085388877248135,0.0,1.0,0.0,0.0,1.0,0.0,0.0,1.0
-0.5457063856243295,-0.15130113278904586,0.5578981347161279,0.0,1.0,0.0,0.0,1.0,0.0,0.0,1.0
-0.5457063856243295,-0.38049502625190945,-0.5205776958384429,0.0,1.0,0.0,0.0,1.0,1.0,0.0,0.0
-0.5457063856243295,0.23068868964906014,1.2146523281760566,1.0,0.0,1.0,0.0,0.0,0.0,0.0,1.0
0.12377955492465069,0.5362805475995449,-0.10961656432318306,0.0,1.0,0.0,1.0,0.0,0.0,0.0,1.0
-0.5457063856243295,1.1474642635005146,-0.5025194836679988,0.0,1.0,0.0,0.0,1.0,0.0,0.0,1.0
-0.5457063856243295,-0.22769909727666707,0.5578981347161279,0.0,1.0,0.0,0.0,1.0,0.0,0.0,1.0
-0.5457063856243295,0.15429072516143894,-0.4488920657072858,0.0,1.0,0.0,1.0,0.0,0.0,0.0,1.0
-0.5457063856243295,0.30708665413668135,-0.509086106275433,1.0,0.0,0.0,0.0,1.0,0.0,1.0,0.0
-0.5457063856243295,0.0014947961861965368,-0.00017285419927896663,1.0,0.0,1.0,0.0,0.0,1.0,0.0,0.0
-0.5457063856243295,-0.22769909727666707,-0.10961656432318306,0.0,1.0,0.0,1.0,0.0,0.0,0.0,1.0
-0.5457063856243295,-0.45689299073953066,1.1415067189518464,1.0,0.0,1.0,0.0,0.0,1.0,0.0,0.0
-0.5457063856243295,0.30708665413668135,-0.5073525179070704,0.0,1.0,0.0,0.0,1.0,0.0,1.0,0.0
-0.5457063856243295,0.6126785120871662,-0.3941702106453337,1.0,0.0,0.0,1.0,0.0,0.0,0.0,1.0
-0.5457063856243295,0.918270370037651,-0.5134638546803891,0.0,1.0,0.0,0.0,1.0,0.0,0.0,1.0
-0.5457063856243295,0.45988258311192376,-0.028628218831494048,0.0,1.0,1.0,0.0,0.0,1.0,0.0,0.0
-0.5457063856243295,0.15429072516143894,-0.3941702106453337,1.0,0.0,0.0,1.0,0.0,0.0,0.0,1.0
0.7932654954736308,-0.9152807776652578,-0.23629765879160208,0.0,1.0,0.0,0.0,1.0,0.0,0.0,1.0
0.12377955492465069,-0.15130113278904586,-0.1533940483727447,1.0,0.0,0.0,1.0,0.0,1.0,0.0,0.0
-0.5457063856243295,-0.9152807776652578,-0.463301424582199,1.0,0.0,0.0,0.0,1.0,0.0,0.0,1.0
-0.5457063856243295,0.0014947961861965368,-0.3941702106453337,0.0,1.0,0.0,1.0,0.0,0.0,0.0,1.0
-0.5457063856243295,0.15429072516143894,0.5578981347161279,0.0,1.0,0.0,0.0,1.0,0.0,0.0,1.0
-0.5457063856243295,-0.38049502625190945,-0.520485763121939,0.0,1.0,0.0,0.0,1.0,1.0,0.0,0.0
6.149153019865472,0.38348461862430255,0.8436381508560216,0.0,1.0,0.0,0.0,1.0,0.0,0.0,1.0
-0.5457063856243295,0.30708665413668135,-0.3941702106453337,1.0,0.0,0.0,1.0,0.0,0.0,0.0,1.0
-0.5457063856243295,-0.22769909727666707,-0.3941702106453337,0.0,1.0,0.0,1.0,0.0,0.0,0.0,1.0
-0.5457063856243295,-0.07490316830142467,-0.50589472768822,0.0,1.0,0.0,0.0,1.0,0.0,0.0,1.0
0.12377955492465069,1.5294540859386205,4.7391950799998845,1.0,0.0,1.0,0.0,0.0,1.0,0.0,0.0
-0.5457063856243295,2.14063780183959,-0.028628218831494048,0.0,1.0,1.0,0.0,0.0,1.0,0.0,0.0
0.7932654954736308,-0.7624848486900154,-0.33415784663599213,0.0,1.0,0.0,0.0,1.0,1.0,0.0,0.0
-0.5457063856243295,0.45988258311192376,-0.3941702106453337,1.0,0.0,0.0,1.0,0.0,0.0,0.0,1.0
3.4712092576695515,-1.4500665290786063,0.005846549857535728,1.0,0.0,0.0,0.0,1.0,0.0,0.0,1.0
-0.5457063856243295,1.3766581569633782,-0.5068052993564509,0.0,1.0,0.0,0.0,1.0,0.0,0.0,1.0
0.7932654954736308,-0.22769909727666707,-0.4350299253829921,1.0,0.0,0.0,0.0,1.0,0.0,0.0,1.0
0.12377955492465069,1.5294540859386205,-0.10961656432318306,1.0,0.0,0.0,1.0,0.0,0.0,0.0,1.0
-0.5457063856243295,0.0014947961861965368,-0.4707808077320666,0.0,1.0,0.0,0.0,1.0,0.0,0.0,1.0
0.7932654954736308,1.5294540859386205,2.2467065146444725,0.0,1.0,1.0,0.0,0.0,0.0,0.0,1.0
-0.5457063856243295,0.5362805475995449,-0.50589472768822,0.0,1.0,0.0,0.0,1.0,0.0,0.0,1.0
1.462751436022611,0.45988258311192376,-0.07131126577981663,0.0,1.0,0.0,1.0,0.0,0.0,0.0,1.0
1.462751436022611,-1.4500665290786063,1.947925186006214,0.0,1.0,1.0,0.0,0.0,0.0,0.0,1.0
-0.5457063856243295,-0.07490316830142467,-0.50589472768822,0.0,1.0,0.0,0.0,1.0,1.0,0.0,0.0
-0.5457063856243295,0.0014947961861965368,1.2146523281760566,1.0,0.0,1.0,0.0,0.0,0.0,0.0,1.0
-0.5457063856243295,2.6754235532529385,-0.0975777562095536,0.0,1.0,1.0,0.0,0.0,0.0,0.0,1.0
-0.5457063856243295,0.38348461862430255,-0.5073525179070704,1.0,0.0,0.0,0.0,1.0,0.0,1.0,0.0
0.7932654954736308,-0.07490316830142467,-0.4497128935332151,1.0,0.0,0.0,0.0,1.0,0.0,0.0,1.0
0.7932654954736308,-2.061250244979576,-0.268309944002844,0.0,1.0,0.0,1.0,0.0,0.0,0.0,1.0
-0.5457063856243295,-0.07490316830142467,3.9471881606946324,1.0,0.0,1.0,0.0,0.0,0.0,0.0,1.0
-0.5457063856243295,-0.6860868842023943,-0.509086106275433,0.0,1.0,0.0,0.0,1.0,0.0,1.0,0.0
-0.5457063856243295,0.19248970740524954,-0.3941702106453337,1.0,0.0,0.0,1.0,0.0,0.0,0.0,1.0
-0.5457063856243295,-1.1444746711281215,-0.5029747695021143,1.0,0.0,0.0,0.0,1.0,0.0,1.0,0.0
-0.5457063856243295,1.2238622279881357,1.0548645113951567,0.0,1.0,1.0,0.0,0.0,1.0,0.0,0.0
0.7932654954736308,-0.8388828131776367,-0.10341548370756265,1.0,0.0,1.0,0.0,0.0,0.0,0.0,1.0
0.7932654954736308,-1.6028624580538486,-0.2294574269088581,0.0,1.0,0.0,0.0,1.0,0.0,0.0,1.0
-0.5457063856243295,0.918270370037651,-0.3941702106453337,1.0,0.0,0.0,1.0,0.0,0.0,0.0,1.0
0.7932654954736308,0.6890764765747873,1.064714445306308,1.0,0.0,1.0,0.0,0.0,0.0,0.0,1.0
-0.5457063856243295,-0.15130113278904586,-0.3941702106453337,1.0,0.0,0.0,1.0,0.0,0.0,0.0,1.0
-0.5457063856243295,-0.6096889197147731,-0.509086106275433,1.0,0.0,0.0,0.0,1.0,0.0,0.0,1.0
-0.5457063856243295,-1.1444746711281215,-0.5205776958384429,1.0,0.0,0.0,0.0,1.0,1.0,0.0,0.0
-0.5457063856243295,-0.8388828131776367,-0.10961656432318306,1.0,0.0,0.0,1.0,0.0,0.0,0.0,1.0
-0.5457063856243295,0.7654744410624086,-0.5205776958384429,0.0,1.0,0.0,0.0,1.0,1.0,0.0,0.0
-0.5457063856243295,0.0014947961861965368,-0.50589472768822,0.0,1.0,0.0,0.0,1.0,1.0,0.0,0.0
-0.5457063856243295,1.0710662990128934,-0.07195041704694022,1.0,0.0,1.0,0.0,0.0,1.0,0.0,0.0
-0.5457063856243295,0.7654744410624086,-0.3941702106453337,1.0,0.0,0.0,1.0,0.0,0.0,0.0,1.0
0.7932654954736308,-1.6792604225414698,-0.10414437881698786,1.0,0.0,0.0,1.0,0.0,0.0,0.0,1.0
0.12377955492465069,2.2934337308148325,0.9684039803972723,1.0,0.0,1.0,0.0,0.0,1.0,0.0,0.0
-0.5457063856243295,0.0014947961861965368,1.6507855130198144,1.0,0.0,1.0,0.0,0.0,1.0,0.0,0.0
-0.5457063856243295,1.3002601924757569,-0.11864567040840518,0.0,1.0,1.0,0.0,0.0,0.0,0.0,1.0
0.12377955492465069,0.45988258311192376,-0.10961656432318306,1.0,0.0,0.0,1.0,0.0,0.0,0.0,1.0
-0.5457063856243295,-0.22769909727666707,-0.509086106275433,1.0,0.0,0.0,0.0,1.0,0.0,1.0,0.0
3.4712092576695515,-0.9916787421528791,-0.5052555764210964,1.0,0.0,0.0,0.0,1.0,0.0,0.0,1.0
0.7932654954736308,0.23068868964906014,-0.18932879615482737,1.0,0.0,0.0,0.0,1.0,1.0,0.0,0.0
0.12377955492465069,-0.38049502625190945,-0.5052555764210964,1.0,0.0,0.0,0.0,1.0,0.0,0.0,1.0
0.12377955492465069,-1.2972706001033638,-0.2518933874842584,1.0,0.0,0.0,1.0,0.0,0.0,0.0,1.0
-0.5457063856243295,-0.9152807776652578,0.9300986818539059,0.0,1.0,0.0,1.0,0.0,0.0,0.0,1.0
0.12377955492465069,2.6754235532529385,0.677922862734811,0.0,1.0,1.0,0.0,0.0,1.0,0.0,0.0
-0.5457063856243295,-0.6096889197147731,0.18807032721383612,0.0,1.0,1.0,0.0,0.0,1.0,0.0,0.0
-0.5457063856243295,-0.8388828131776367,-0.5085388877248135,0.0,1.0,0.0,0.0,1.0,0.0,0.0,1.0
-0.5457063856243295,-1.0680767066405004,-0.509086106275433,1.0,0.0,0.0,0.0,1.0,0.0,1.0,0.0
-0.5457063856243295,0.15429072516143894,-0.509086106275433,0.0,1.0,0.0,0.0,1.0,0.0,1.0,0.0
-0.5457063856243295,-0.15130113278904586,-0.348203852393294,0.0,1.0,0.0,0.0,1.0,0.0,0.0,1.0
-0.5457063856243295,-0.07490316830142467,-0.5085388877248135,0.0,1.0,0.0,0.0,1.0,0.0,0.0,1.0
2.801723317120571,0.7654744410624086,-0.06802795447609954,0.0,1.0,0.0,0.0,1.0,0.0,0.0,1.0
-0.5457063856243295,-0.45689299073953066,-0.5244082256927796,0.0,1.0,0.0,0.0,1.0,0.0,0.0,1.0
-0.5457063856243295,-0.6096889197147731,-0.47406411903578366,0.0,1.0,0.0,0.0,1.0,0.0,0.0,1.0
0.12377955492465069,-0.22769909727666707,-0.36233960199289744,0.0,1.0,0.0,0.0,1.0,1.0,0.0,0.0
-0.5457063856243295,-0.9152807776652578,-0.5146502244981324,1.0,0.0,0.0,0.0,1.0,0.0,0.0,1.0
0.12377955492465069,-0.7624848486900154,2.2467065146444725,1.0,0.0,1.0,0.0,0.0,0.0,0.0,1.0
-0.5457063856243295,-0.45689299073953066,-0.3613370976081625,0.0,1.0,0.0,0.0,1.0,0.0,0.0,1.0
-0.5457063856243295,-0.15130113278904586,-0.3941702106453337,0.0,1.0,0.0,1.0,0.0,0.0,0.0,1.0
0.7932654954736308,0.45988258311192376,-0.1501107370690276,0.0,1.0,0.0,0.0,1.0,0.0,0.0,1.0
-0.5457063856243295,-0.6860868842023943,-0.5205776958384429,1.0,0.0,0.0,0.0,1.0,1.0,0.0,0.0
2.132237376571591,-0.7624848486900154,-0.12128983044499869,1.0,0.0,0.0,0.0,1.0,0.0,0.0,1.0
-0.5457063856243295,-0.6096889197147731,-0.5227665700409211,0.0,1.0,0.0,0.0,1.0,0.0,0.0,1.0
-0.5457063856243295,2.064239837351969,-0.4488920657072858,1.0,0.0,0.0,1.0,0.0,0.0,0.0,1.0
0.12377955492465069,-0.07490316830142467,-0.5245001584092837,0.0,1.0,0.0,0.0,1.0,0.0,0.0,1.0
0.7932654954736308,-0.30409706176428825,-0.4891126291778205,0.0,1.0,0.0,0.0,1.0,0.0,0.0,1.0
-0.5457063856243295,-0.15130113278904586,-0.5025194836679988,0.0,1.0,0.0,0.0,1.0,0.0,0.0,1.0
-0.5457063856243295,-0.7624848486900154,-0.520485763121939,0.0,1.0,0.0,0.0,1.0,1.0,0.0,0.0
-0.5457063856243295,0.15429072516143894,-0.50589472768822,0.0,1.0,0.0,0.0,1.0,0.0,0.0,1.0
0.7932654954736308,-2.061250244979576,-0.10961656432318306,0.0,1.0,0.0,1.0,0.0,0.0,0.0,1.0
-0.5457063856243295,0.30708665413668135,-0.50589472768822,0.0,1.0,0.0,0.0,1.0,0.0,0.0,1.0
-0.5457063856243295,0.7654744410624086,-0.00017285419927896663,0.0,1.0,1.0,0.0,0.0,1.0,0.0,0.0
0.12377955492465069,-0.9152807776652578,-0.17528279039752553,1.0,0.0,0.0,1.0,0.0,0.0,0.0,1.0
0.7932654954736308,0.07789276067381774,-0.2294574269088581,1.0,0.0,0.0,0.0,1.0,0.0,0.0,1.0
-0.5457063856243295,-0.5332909552271519,-0.4488920657072858,0.0,1.0,0.0,1.0,0.0,0.0,0.0,1.0
-0.5457063856243295,-0.9152807776652578,-0.508083601890698,0.0,1.0,0.0,0.0,1.0,0.0,0.0,1.0
-0.5457063856243295,0.5362805475995449,-0.00017285419927896663,0.0,1.0,1.0,0.0,0.0,0.0,0.0,1.0
-0.5457063856243295,0.23068868964906014,-0.50589472768822,0.0,1.0,0.0,0.0,1.0,0.0,0.0,1.0
0.12377955492465069,-0.6096889197147731,-0.5200304772878235,0.0,1.0,0.0,0.0,1.0,0.0,0.0,1.0
-0.5457063856243295,0.7654744410624086,2.6803772160104424,1.0,0.0,1.0,0.0,0.0,0.0,0.0,1.0
1.462751436022611,-0.6860868842023943,-0.16543285648637418,1.0,0.0,0.0,0.0,1.0,0.0,0.0,1.0
1.462751436022611,-0.5332909552271519,-0.42700332368250493,0.0,1.0,0.0,1.0,0.0,0.0,0.0,1.0
2.132237376571591,-0.07490316830142467,-0.2174186187952286,1.0,0.0,0.0,0.0,1.0,0.0,0.0,1.0
-0.5457063856243295,0.38348461862430255,-0.50589472768822,0.0,1.0,0.0,0.0,1.0,1.0,0.0,0.0
0.12377955492465069,-0.07490316830142467,-0.21906027444708717,0.0,1.0,0.0,1.0,0.0,0.0,0.0,1.0
0.12377955492465069,1.0710662990128934,-0.10961656432318306,0.0,1.0,0.0,1.0,0.0,0.0,0.0,1.0
0.12377955492465069,0.45988258311192376,1.0472034516864832,0.0,1.0,1.0,0.0,0.0,0.0,0.0,1.0
-0.5457063856243295,0.45988258311192376,-0.50589472768822,0.0,1.0,0.0,0.0,1.0,0.0,0.0,1.0
-0.5457063856243295,0.15429072516143894,-0.5265970998952577,0.0,1.0,0.0,0.0,1.0,0.0,1.0,0.0
0.12377955492465069,0.15429072516143894,-0.10961656432318306,0.0,1.0,0.0,1.0,0.0,0.0,0.0,1.0
-0.5457063856243295,-1.0680767066405004,-0.4707808077320666,0.0,1.0,0.0,0.0,1.0,0.0,0.0,1.0
0.12377955492465069,0.38348461862430255,0.48356834454837716,1.0,0.0,1.0,0.0,0.0,0.0,0.0,1.0
-0.5457063856243295,0.6126785120871662,-0.6787238569674844,0.0,1.0,1.0,0.0,0.0,0.0,0.0,1.0
0.7932654954736308,-0.30409706176428825,-0.10961656432318306,1.0,0.0,0.0,1.0,0.0,0.0,0.0,1.0
-0.5457063856243295,0.30708665413668135,0.4157132442715566,0.0,1.0,1.0,0.0,0.0,0.0,0.0,1.0
-0.5457063856243295,0.7654744410624086,-0.07195041704694022,0.0,1.0,1.0,0.0,0.0,1.0,0.0,0.0
0.7932654954736308,-1.9848522804919546,-0.3131818651536447,1.0,0.0,0.0,0.0,1.0,0.0,0.0,1.0
-0.5457063856243295,-0.15130113278904586,-0.5068052993564509,0.0,1.0,0.0,0.0,1.0,0.0,0.0,1.0
1.462751436022611,-0.45689299073953066,-0.08772782229840224,1.0,0.0,0.0,1.0,0.0,0.0,0.0,1.0
-0.5457063856243295,0.07789276067381774,-0.5052555764210964,0.0,1.0,0.0,0.0,1.0,0.0,0.0,1.0
-0.5457063856243295,-0.9152807776652578,-0.49704729816180354,0.0,1.0,0.0,0.0,1.0,0.0,0.0,1.0
3.4712092576695515,-1.6028624580538486,0.008309033335323585,0.0,1.0,0.0,0.0,1.0,0.0,0.0,1.0
-0.5457063856243295,0.45988258311192376,-0.50589472768822,0.0,1.0,0.0,0.0,1.0,0.0,0.0,1.0
-0.5457063856243295,0.45988258311192376,-0.520485763121939,0.0,1.0,0.0,0.0,1.0,1.0,0.0,0.0
-0.5457063856243295,-0.38049502625190945,-0.5244082256927796,0.0,1.0,0.0,0.0,1.0,0.0,0.0,1.0
0.12377955492465069,0.07789276067381774,0.5689344384450223,0.0,1.0,1.0,0.0,0.0,0.0,0.0,1.0
2.132237376571591,-1.6028624580538486,0.0737016501343563,1.0,0.0,0.0,0.0,1.0,0.0,0.0,1.0
-0.5457063856243295,-0.8388828131776367,-0.022061596224059787,1.0,0.0,1.0,0.0,0.0,0.0,0.0,1.0
-0.5457063856243295,0.07789276067381774,-0.3941702106453337,0.0,1.0,0.0,1.0,0.0,0.0,0.0,1.0
-0.5457063856243295,-0.6096889197147731,-0.48172517874445697,0.0,1.0,0.0,0.0,1.0,0.0,0.0,1.0
2.801723317120571,1.1474642635005146,-0.06802795447609954,1.0,0.0,0.0,0.0,1.0,0.0,0.0,1.0
-0.5457063856243295,-0.7624848486900154,-0.5244082256927796,0.0,1.0,0.0,0.0,1.0,0.0,0.0,1.0
2.132237376571591,-0.9152807776652578,5.064334831784383,1.0,0.0,1.0,0.0,0.0,1.0,0.0,0.0
-0.5457063856243295,0.38348461862430255,-0.5244082256927796,0.0,1.0,0.0,0.0,1.0,0.0,0.0,1.0
-0.5457063856243295,0.0014947961861965368,-0.520485763121939,0.0,1.0,0.0,0.0,1.0,1.0,0.0,0.0
0.7932654954736308,-0.07490316830142467,-0.204193440863856,0.0,1.0,0.0,0.0,1.0,1.0,0.0,0.0
0.7932654954736308,-1.7556583870290912,-0.10414437881698786,1.0,0.0,0.0,1.0,0.0,0.0,0.0,1.0
0.12377955492465069,-0.6860868842023943,-0.36233960199289744,1.0,0.0,0.0,0.0,1.0,1.0,0.0,0.0
-0.5457063856243295,0.6890764765747873,-0.6787238569674844,0.0,1.0,1.0,0.0,0.0,0.0,0.0,1.0
-0.5457063856243295,-0.6860868842023943,-0.4488920657072858,1.0,0.0,0.0,1.0,0.0,0.0,0.0,1.0
-0.5457063856243295,-0.6096889197147731,-0.5141030059475128,0.0,1.0,0.0,0.0,1.0,0.0,0.0,1.0
-0.5457063856243295,-0.7624848486900154,-0.5052555764210964,0.0,1.0,0.0,0.0,1.0,0.0,0.0,1.0
-0.5457063856243295,-0.22769909727666707,-0.3752911706489602,0.0,1.0,0.0,1.0,0.0,1.0,0.0,0.0
-0.5457063856243295,1.9878418728643479,0.09832648491223472,0.0,1.0,1.0,0.0,0.0,1.0,0.0,0.0
0.12377955492465069,0.15429072516143894,-0.3317872958747084,0.0,1.0,0.0,0.0,1.0,0.0,0.0,1.0
-0.5457063856243295,-0.07490316830142467,-0.4707808077320666,0.0,1.0,0.0,0.0,1.0,0.0,0.0,1.0
0.12377955492465069,-1.8320563515167123,-0.40566180020834364,0.0,1.0,0.0,0.0,1.0,0.0,0.0,1.0
0.7932654954736308,1.3002601924757569,0.4716214691512518,1.0,0.0,1.0,0.0,0.0,0.0,0.0,1.0
-0.5457063856243295,-0.15130113278904586,-0.3832258396329433,0.0,1.0,0.0,1.0,0.0,0.0,0.0,1.0
-0.5457063856243295,-0.8388828131776367,-0.5062580808058313,1.0,0.0,0.0,0.0,1.0,0.0,1.0,0.0
2.132237376571591,-0.6860868842023943,0.0737016501343563,1.0,0.0,0.0,0.0,1.0,0.0,0.0,1.0
-0.5457063856243295,0.45988258311192376,-0.3969063033984313,0.0,1.0,0.0,1.0,0.0,1.0,0.0,0.0
-0.5457063856243295,0.7654744410624086,-0.50589472768822,0.0,1.0,0.0,0.0,1.0,0.0,0.0,1.0
-0.5457063856243295,1.6058520504262417,-0.0975777562095536,0.0,1.0,1.0,0.0,0.0,0.0,0.0,1.0
0.7932654954736308,0.7654744410624086,-0.33944835558338166,0.0,1.0,0.0,0.0,1.0,0.0,1.0,0.0
-0.5457063856243295,-0.15130113278904586,-0.50589472768822,1.0,0.0,0.0,0.0,1.0,0.0,0.0,1.0
-0.5457063856243295,-0.5332909552271519,-0.022061596224059787,0.0,1.0,1.0,0.0,0.0,0.0,0.0,1.0
-0.5457063856243295,0.15429072516143894,-0.011117225211669376,0.0,1.0,1.0,0.0,0.0,1.0,0.0,0.0
-0.5457063856243295,0.38348461862430255,-0.0975777562095536,0.0,1.0,1.0,0.0,0.0,1.0,0.0,0.0
-0.5457063856243295,0.30708665413668135,-0.5365389665229131,0.0,1.0,0.0,0.0,1.0,0.0,0.0,1.0
-0.5457063856243295,3.095612357934855,-0.509086106275433,0.0,1.0,0.0,0.0,1.0,0.0,1.0,0.0
0.12377955492465069,2.14063780183959,2.6803772160104424,1.0,0.0,1.0,0.0,0.0,0.0,0.0,1.0
2.132237376571591,-0.6860868842023943,5.064334831784383,1.0,0.0,1.0,0.0,0.0,1.0,0.0,0.0
-0.5457063856243295,-0.8388828131776367,-0.500148932906715,0.0,1.0,0.0,0.0,1.0,0.0,0.0,1.0
-0.5457063856243295,-0.38049502625190945,-0.5200304772878235,0.0,1.0,0.0,0.0,1.0,0.0,0.0,1.0
1.462751436022611,-0.38049502625190945,2.6385149968880492,1.0,0.0,1.0,0.0,0.0,0.0,0.0,1.0
0.12377955492465069,0.918270370037651,0.45949072832111826,0.0,1.0,1.0,0.0,0.0,0.0,0.0,1.0
-0.5457063856243295,-0.6860868842023943,-0.5052555764210964,0.0,1.0,0.0,0.0,1.0,0.0,0.0,1.0
-0.5457063856243295,0.07789276067381774,-0.50589472768822,0.0,1.0,0.0,0.0,1.0,0.0,0.0,1.0
0.12377955492465069,0.30708665413668135,-0.17528279039752553,1.0,0.0,0.0,1.0,0.0,0.0,0.0,1.0
0.7932654954736308,-0.6096889197147731,0.4047688732591662,1.0,0.0,1.0,0.0,0.0,1.0,0.0,0.0
-0.5457063856243295,1.1474642635005146,-0.5260498813446381,0.0,1.0,0.0,0.0,1.0,0.0,0.0,1.0
0.12377955492465069,-0.38049502625190945,-0.2416779115812932,0.0,1.0,0.0,0.0,1.0,0.0,0.0,1.0
0.12377955492465069,-0.6096889197147731,-0.33944835558338166,1.0,0.0,0.0,0.0,1.0,0.0,1.0,0.0
-0.5457063856243295,0.23068868964906014,-0.5692801468435803,0.0,1.0,1.0,0.0,0.0,0.0,0.0,1.0
-0.5457063856243295,3.821393020567257,-0.022061596224059787,0.0,1.0,1.0,0.0,0.0,0.0,0.0,1.0
0.7932654954736308,0.15429072516143894,0.9300986818539059,0.0,1.0,0.0,1.0,0.0,0.0,0.0,1.0
-0.5457063856243295,0.45988258311192376,-0.10332355099105855,0.0,1.0,1.0,0.0,0.0,0.0,0.0,1.0
0.7932654954736308,0.5362805475995449,-0.5052555764210964,0.0,1.0,0.0,0.0,1.0,0.0,0.0,1.0
-0.5457063856243295,1.5294540859386205,-0.05024335158096512,1.0,0.0,1.0,0.0,0.0,1.0,0.0,0.0
0.12377955492465069,1.5294540859386205,1.6507855130198144,0.0,1.0,1.0,0.0,0.0,1.0,0.0,0.0
-0.5457063856243295,0.38348461862430255,-0.5006042187408305,1.0,0.0,0.0,0.0,1.0,0.0,1.0,0.0
0.12377955492465069,0.30708665413668135,-0.21906027444708717,0.0,1.0,0.0,1.0,0.0,0.0,0.0,1.0
0.12377955492465069,-0.8388828131776367,-0.5068052993564509,1.0,0.0,0.0,0.0,1.0,0.0,0.0,1.0
2.132237376571591,1.3766581569633782,0.0737016501343563,1.0,0.0,0.0,0.0,1.0,0.0,0.0,1.0
-0.5457063856243295,1.3002601924757569,0.16399271098657717,0.0,1.0,1.0,0.0,0.0,0.0,0.0,1.0
1.462751436022611,-1.9848522804919546,0.1749370819989676,1.0,0.0,0.0,1.0,0.0,0.0,0.0,1.0
